transform,n,top1_hits,top1_rate,topk_hits,topk_rate
overall,10,10,1.000000,10,1.000000
crop,2,2,1.000000,2,1.000000
noise,2,2,1.000000,2,1.000000
orig,1,1,1.000000,1,1.000000
pitch,4,4,1.000000,4,1.000000
tempo,1,1,1.000000,1,1.000000
