transform,n,top1_hits,top1_rate,topk_hits,topk_rate
overall,22,22,1.000000,22,1.000000
crop,4,4,1.000000,4,1.000000
noise,4,4,1.000000,4,1.000000
orig,2,2,1.000000,2,1.000000
pitch,8,8,1.000000,8,1.000000
tempo,4,4,1.000000,4,1.000000
