transform_severity,n,top1_hits,top1_rate,topk_hits,topk_rate
overall,22,22,1.000000,22,1.000000
crop:1_0s,2,2,1.000000,2,1.000000
crop:2_0s,2,2,1.000000,2,1.000000
noise:snr10,2,2,1.000000,2,1.000000
noise:snr20,2,2,1.000000,2,1.000000
orig:none,2,2,1.000000,2,1.000000
pitch:m2,2,2,1.000000,2,1.000000
pitch:m4,2,2,1.000000,2,1.000000
pitch:p2,2,2,1.000000,2,1.000000
pitch:p4,2,2,1.000000,2,1.000000
tempo:0_85,2,2,1.000000,2,1.000000
tempo:1_15,2,2,1.000000,2,1.000000
