transform,n,top1_hits,top1_rate,topk_hits,topk_rate
overall,85,85,1.000000,85,1.000000
bandpass,10,10,1.000000,10,1.000000
compound,10,10,1.000000,10,1.000000
crop,10,10,1.000000,10,1.000000
lossy,10,10,1.000000,10,1.000000
noise,10,10,1.000000,10,1.000000
orig,5,5,1.000000,5,1.000000
pitch,20,20,1.000000,20,1.000000
tempo,10,10,1.000000,10,1.000000
